{
  "manifest_version": 3,
  "name": "Tabme — version without newtab",
  "description": "Organize Bookmarks and Tabs",
  "version": "1.19.0",
  "author": "pltnkv0+tabme@gmail.com",
  "icons": {
    "16": "icon_16.png",
    "32": "icon_32.png",
    "48": "icon_48.png",
    "128": "icon_128.png"
  },
  "background": {
    "service_worker": "js/background.js"
  },
  "action": {
    "default_icon": "icon_48.png",
    "default_title": "Open Tabme"
  },
  "permissions": [
    "bookmarks",
    "storage",
    "history",
    "tabs"
  ]
}
